Years,Prediction
2017,308.41
2018,289.22
2019,344.67
2020,397.01
2021,455.17
2022,345.0407633768341
2023,344.7432202689459
2024,344.6757222219567
2025,344.6701695946291
2026,344.6700018709416
